Date,country,district_code,district,centx,centy,year_month,year,month,ipc,ha,ndvi_mean,ndvi_anom,rain_mean,rain_anom,et_mean,et_anom,count_violence,sum_fatalities,food_price_idx,area,cropland_pct,pop,ruggedness_mean,pasture_pct,conflict_1#,conflict_2#,total_conflict#
2007-01-01,South Sudan,127,Koch,29.85742,8.633903,2007_01,2007,1,,,0.4126942,111.0283,0.06911463,-0.004072414,0.9474377,0.3889636,0,0,0.6041926,4428.075,10.10188,80686.66,5726.711,82.94444,0.0,0.0,0.0
2007-01-01,South Sudan,143,Rubkona,29.63566,9.268476,2007_01,2007,1,,,0.3196162,101.2128,0.02322323,-0.001359891,0.5876506,0.101064,0,0,0.5862521,3578.829,21.51323,107390.8,5674.409,88.27273,0.0,0.0,0.0
2007-02-01,South Sudan,127,Koch,29.85742,8.633903,2007_02,2007,2,,,0.3593437,113.411,0.04813941,-0.009821611,0.05121883,-0.03020916,0,0,0.585973,4428.075,10.10188,80686.66,5726.711,82.94444,0.0,0.0,0.0
2007-02-01,South Sudan,143,Rubkona,29.63566,9.268476,2007_02,2007,2,,,0.2864346,103.716,0.04451701,-0.003517944,0.01762785,-0.02772186,0,0,0.5774034,3578.829,21.51323,107390.8,5674.409,88.27273,0.0,0.0,0.0
2007-03-01,South Sudan,127,Koch,29.85742,8.633903,2007_03,2007,3,,,0.3259038,106.6381,0.7181071,-0.2737035,0.05066482,-0.3503891,0,0,0.591194,4428.075,10.10188,80686.66,5726.711,82.94444,0.0,0.0,0.0
2007-03-01,South Sudan,143,Rubkona,29.63566,9.268476,2007_03,2007,3,,,0.2560914,97.04796,0.4411164,-0.3143613,0.007623925,-0.1864518,0,0,0.570951,3578.829,21.51323,107390.8,5674.409,88.27273,0.0,0.0,0.0
2007-04-01,South Sudan,127,Koch,29.85742,8.633903,2007_04,2007,4,,,0.352599,104.3812,8.413269,3.008387,2.63233,0.593922,0,0,0.6169981,4428.075,10.10188,80686.66,5726.711,82.94444,0.0,0.0,0.0
2007-04-01,South Sudan,143,Rubkona,29.63566,9.268476,2007_04,2007,4,,,0.2753264,95.33418,5.23548,1.678245,1.306954,0.2034907,0,0,0.5932051,3578.829,21.51323,107390.8,5674.409,88.27273,0.0,0.0,0.0
2007-05-01,South Sudan,127,Koch,29.85742,8.633903,2007_05,2007,5,,,0.4454834,98.46757,11.82517,-2.120759,3.723254,-3.411473,0,0,0.6392283,4428.075,10.10188,80686.66,5726.711,82.94444,0.0,0.0,0.0
2007-05-01,South Sudan,143,Rubkona,29.63566,9.268476,2007_05,2007,5,,,0.3797779,97.77318,11.2344,-2.360151,2.301993,-2.555527,0,0,0.6095322,3578.829,21.51323,107390.8,5674.409,88.27273,0.0,0.0,0.0
2007-06-01,South Sudan,127,Koch,29.85742,8.633903,2007_06,2007,6,,,0.6770727,112.5492,24.39408,1.378814,17.20535,0.9425756,0,0,0.6608622,4428.075,10.10188,80686.66,5726.711,82.94444,0.0,0.0,0.0
2007-06-01,South Sudan,143,Rubkona,29.63566,9.268476,2007_06,2007,6,,,0.6243819,108.9344,24.21556,1.641132,14.02199,0.6272102,0,0,0.6345033,3578.829,21.51323,107390.8,5674.409,88.27273,0.0,0.0,0.0
2007-07-01,South Sudan,127,Koch,29.85742,8.633903,2007_07,2007,7,,,0.7242439,106.0622,37.179,6.777084,29.79184,5.370899,0,0,0.6544135,4428.075,10.10188,80686.66,5726.711,82.94444,0.0,0.0,0.0
2007-07-01,South Sudan,143,Rubkona,29.63566,9.268476,2007_07,2007,7,,,0.7378097,104.2601,34.43467,6.90414,30.04971,5.345894,0,0,0.6299873,3578.829,21.51323,107390.8,5674.409,88.27273,0.0,0.0,0.0
2007-08-01,South Sudan,127,Koch,29.85742,8.633903,2007_08,2007,8,,,0.7000916,99.769,36.63656,4.706516,28.34104,0.8171483,0,0,0.6743636,4428.075,10.10188,80686.66,5726.711,82.94444,0.0,0.0,0.0
2007-08-01,South Sudan,143,Rubkona,29.63566,9.268476,2007_08,2007,8,,,0.67982,93.63951,37.70337,3.473762,27.65327,-1.71302,0,0,0.6471289,3578.829,21.51323,107390.8,5674.409,88.27273,0.0,0.0,0.0
2007-09-01,South Sudan,127,Koch,29.85742,8.633903,2007_09,2007,9,,,0.6485792,97.57514,18.54895,-5.767381,18.78995,-4.505328,0,0,0.6806941,4428.075,10.10188,80686.66,5726.711,82.94444,0.0,0.0,0.0
2007-09-01,South Sudan,143,Rubkona,29.63566,9.268476,2007_09,2007,9,,,0.6156185,91.38198,20.44036,-6.714736,16.27531,-7.759756,0,0,0.6699268,3578.829,21.51323,107390.8,5674.409,88.27273,0.0,0.0,0.0
2007-10-01,South Sudan,127,Koch,29.85742,8.633903,2007_10,2007,10,,,0.6316941,101.6058,12.15448,-0.7312257,10.23984,-5.398094,0,0,0.713494,4428.075,10.10188,80686.66,5726.711,82.94444,0.0,0.0,0.0
2007-10-01,South Sudan,143,Rubkona,29.63566,9.268476,2007_10,2007,10,,,0.592322,102.4951,12.57651,-2.105214,7.308511,-5.342726,0,0,0.6919993,3578.829,21.51323,107390.8,5674.409,88.27273,0.0,0.0,0.0
2007-11-01,South Sudan,127,Koch,29.85742,8.633903,2007_11,2007,11,,,0.6072775,110.2874,1.883906,0.6504095,4.991862,0.1807979,0,0,0.7173096,4428.075,10.10188,80686.66,5726.711,82.94444,0.0,0.0,0.0
2007-11-01,South Sudan,143,Rubkona,29.63566,9.268476,2007_11,2007,11,,,0.5294075,109.6308,1.435119,0.6864436,2.470762,0.4290189,0,0,0.7148728,3578.829,21.51323,107390.8,5674.409,88.27273,0.0,0.0,0.0
2007-12-01,South Sudan,127,Koch,29.85742,8.633903,2007_12,2007,12,,,0.5563525,124.8763,0.06338701,-0.001089382,0.3657173,-0.216481,0,0,0.7111726,4428.075,10.10188,80686.66,5726.711,82.94444,0.0,0.0,0.0
2007-12-01,South Sudan,143,Rubkona,29.63566,9.268476,2007_12,2007,12,,,0.466531,125.7413,0.03594016,-0.000365826,0.3019098,-0.02205454,0,0,0.7055095,3578.829,21.51323,107390.8,5674.409,88.27273,0.0,0.0,0.0
2008-01-01,South Sudan,127,Koch,29.85742,8.633903,2008_01,2008,1,,,0.4877742,131.2273,0.0866509,0.01346386,0.3890018,-0.1694723,0,0,0.7281065,4428.075,10.10188,84151.84,5726.711,82.94444,0.0,0.0,0.0
2008-01-01,South Sudan,143,Rubkona,29.63566,9.268476,2008_01,2008,1,,,0.4110123,130.1552,0.02582072,0.001237595,0.2199788,-0.2666077,0,0,0.7193832,3578.829,21.51323,112006.0,5674.409,88.27273,0.0,0.0,0.0
2008-02-01,South Sudan,127,Koch,29.85742,8.633903,2008_02,2008,2,,,0.383128,120.9174,0.05213621,-0.005824802,0.1058825,0.02445453,0,0,0.7187211,4428.075,10.10188,84151.84,5726.711,82.94444,0.0,0.0,0.0
2008-02-01,South Sudan,143,Rubkona,29.63566,9.268476,2008_02,2008,2,,,0.3362055,121.7377,0.04445999,-0.003574965,0.06502022,0.01967051,1,0,0.7222487,3578.829,21.51323,112006.0,5674.409,88.27273,0.0,0.0,0.0
2008-03-01,South Sudan,127,Koch,29.85742,8.633903,2008_03,2008,3,,,0.3482811,113.9601,0.7220865,-0.269724,0.2203507,-0.1807032,0,0,0.7370272,4428.075,10.10188,84151.84,5726.711,82.94444,0.0,0.0,0.0
2008-03-01,South Sudan,143,Rubkona,29.63566,9.268476,2008_03,2008,3,,,0.3137059,118.8814,0.5142656,-0.241212,0.1464097,-0.047666,1,0,0.7253843,3578.829,21.51323,112006.0,5674.409,88.27273,0.0,0.0,0.0
2008-04-01,South Sudan,127,Koch,29.85742,8.633903,2008_04,2008,4,,,0.4332322,128.2513,11.31923,5.914352,3.956947,1.918539,0,0,0.7611701,4428.075,10.10188,84151.84,5726.711,82.94444,0.0,0.0,0.0
2008-04-01,South Sudan,143,Rubkona,29.63566,9.268476,2008_04,2008,4,,,0.3737517,129.4148,8.96524,5.408005,2.460346,1.356882,0,0,0.7321776,3578.829,21.51323,112006.0,5674.409,88.27273,0.0,0.0,0.0
2008-05-01,South Sudan,127,Koch,29.85742,8.633903,2008_05,2008,5,,,0.5582215,123.3867,8.263174,-5.682752,6.304277,-0.8304496,0,0,0.7735352,4428.075,10.10188,84151.84,5726.711,82.94444,0.0,0.0,0.0
2008-05-01,South Sudan,143,Rubkona,29.63566,9.268476,2008_05,2008,5,,,0.512945,132.0568,8.547609,-5.046944,5.162226,0.3047059,0,0,0.7347228,3578.829,21.51323,112006.0,5674.409,88.27273,0.0,0.0,0.0
2008-06-01,South Sudan,127,Koch,29.85742,8.633903,2008_06,2008,6,,,0.6226279,103.4989,18.04295,-4.972318,13.5882,-2.674573,0,0,0.8011617,4428.075,10.10188,84151.84,5726.711,82.94444,0.0,0.0,0.0
2008-06-01,South Sudan,143,Rubkona,29.63566,9.268476,2008_06,2008,6,,,0.6137021,107.0711,21.45554,-1.118886,9.960282,-3.434494,0,0,0.7604471,3578.829,21.51323,112006.0,5674.409,88.27273,0.0,0.0,0.0
2008-07-01,South Sudan,127,Koch,29.85742,8.633903,2008_07,2008,7,,,0.6797663,99.54866,21.80532,-8.596593,20.14818,-4.272767,0,0,0.8157497,4428.075,10.10188,84151.84,5726.711,82.94444,0.0,0.0,0.0
2008-07-01,South Sudan,143,Rubkona,29.63566,9.268476,2008_07,2008,7,,,0.7293609,103.0662,23.42736,-4.103167,23.30479,-1.399027,0,0,0.7940815,3578.829,21.51323,112006.0,5674.409,88.27273,0.0,0.0,0.0
2008-08-01,South Sudan,127,Koch,29.85742,8.633903,2008_08,2008,8,,,0.6927575,98.72383,21.77918,-10.15086,24.21341,-3.310481,0,0,0.8331382,4428.075,10.10188,84151.84,5726.711,82.94444,0.0,0.0,0.0
2008-08-01,South Sudan,143,Rubkona,29.63566,9.268476,2008_08,2008,8,,,0.7237219,99.68662,25.4524,-8.777204,25.47765,-3.888639,0,0,0.8109411,3578.829,21.51323,112006.0,5674.409,88.27273,0.0,0.0,0.0
2008-09-01,South Sudan,127,Koch,29.85742,8.633903,2008_09,2008,9,,,0.633701,95.3368,19.36376,-4.952572,21.4242,-1.871075,0,0,0.8420595,4428.075,10.10188,84151.84,5726.711,82.94444,0.0,0.0,0.0
2008-09-01,South Sudan,143,Rubkona,29.63566,9.268476,2008_09,2008,9,,,0.6547998,97.19802,24.3058,-2.849291,21.49812,-2.536949,0,0,0.8113447,3578.829,21.51323,112006.0,5674.409,88.27273,0.0,0.0,0.0
2008-10-01,South Sudan,127,Koch,29.85742,8.633903,2008_10,2008,10,,,0.5688212,91.49295,9.323319,-3.562381,9.812834,-5.825095,0,0,0.839844,4428.075,10.10188,84151.84,5726.711,82.94444,0.0,0.0,0.0
2008-10-01,South Sudan,143,Rubkona,29.63566,9.268476,2008_10,2008,10,,,0.5550888,96.0523,8.279174,-6.402551,7.478077,-5.17316,0,0,0.8100517,3578.829,21.51323,112006.0,5674.409,88.27273,0.0,0.0,0.0
2008-11-01,South Sudan,127,Koch,29.85742,8.633903,2008_11,2008,11,,,0.4841712,87.93012,0.3318554,-0.9016408,0.4751608,-4.335903,0,0,0.8313557,4428.075,10.10188,84151.84,5726.711,82.94444,0.0,0.0,0.0
2008-11-01,South Sudan,143,Rubkona,29.63566,9.268476,2008_11,2008,11,,,0.4607433,95.41167,0.2512256,-0.49745,0.2693618,-1.772381,0,0,0.8225559,3578.829,21.51323,112006.0,5674.409,88.27273,0.0,0.0,0.0
2008-12-01,South Sudan,127,Koch,29.85742,8.633903,2008_12,2008,12,,,0.4014966,90.11802,0.06338701,-0.001089383,0.1863529,-0.3958454,0,0,0.8370483,4428.075,10.10188,84151.84,5726.711,82.94444,0.0,0.0,0.0
2008-12-01,South Sudan,143,Rubkona,29.63566,9.268476,2008_12,2008,12,,,0.3815035,102.8244,0.03593951,-0.00036648,0.1131926,-0.2107717,0,0,0.8362364,3578.829,21.51323,112006.0,5674.409,88.27273,0.0,0.0,0.0
2009-01-01,South Sudan,127,Koch,29.85742,8.633903,2009_01,2009,1,,,0.3571115,96.07475,0.09564508,0.02236518,3.260323,2.701849,0,0,0.8486683,4428.075,10.10188,87627.0,5726.711,82.94444,0.0,0.0,0.0
2009-01-01,South Sudan,143,Rubkona,29.63566,9.268476,2009_01,2009,1,,,0.3291983,104.2472,0.0299456,0.005341983,4.070343,3.583756,0,0,0.8526598,3578.829,21.51323,116611.0,5674.409,88.27273,0.0,0.0,0.0
2009-02-01,South Sudan,127,Koch,29.85742,8.633903,2009_02,2009,2,,,0.3096619,97.73109,0.04689117,-0.01121125,0.02809883,-0.05332916,0,0,0.8389463,4428.075,10.10188,87627.0,5726.711,82.94444,0.0,0.0,0.0
2009-02-01,South Sudan,143,Rubkona,29.63566,9.268476,2009_02,2009,2,,,0.2878917,104.2436,0.04447617,-0.003550666,0.01439633,-0.03095339,0,0,0.8477179,3578.829,21.51323,116611.0,5674.409,88.27273,0.0,0.0,0.0
2009-03-01,South Sudan,127,Koch,29.85742,8.633903,2009_03,2009,3,,,0.2918999,95.35396,0.6849848,-0.3092495,0.3216279,-0.09043702,0,0,0.8491334,4428.075,10.10188,87627.0,5726.711,82.94444,0.0,0.0,0.0
2009-03-01,South Sudan,143,Rubkona,29.63566,9.268476,2009_03,2009,3,,,0.2586959,98.1386,0.4178807,-0.3409797,0.1254502,-0.07383566,0,0,0.8608256,3578.829,21.51323,116611.0,5674.409,88.27273,0.0,0.0,0.0
2009-04-01,South Sudan,127,Koch,29.85742,8.633903,2009_04,2009,4,,,0.335378,98.89152,4.926256,-0.4786261,5.549383,3.469166,0,0,0.8893986,4428.075,10.10188,87627.0,5726.711,82.94444,0.0,0.0,0.0
2009-04-01,South Sudan,143,Rubkona,29.63566,9.268476,2009_04,2009,4,,,0.3057076,105.8449,3.476483,-0.08075208,3.036662,1.90114,0,0,0.8672843,3578.829,21.51323,116611.0,5674.409,88.27273,0.0,0.0,0.0
2009-05-01,South Sudan,127,Koch,29.85742,8.633903,2009_05,2009,5,,,0.3480093,76.92234,3.898023,-10.0479,4.995967,-2.138759,0,0,0.8930052,4428.075,10.10188,87627.0,5726.711,82.94444,0.0,0.0,0.0
2009-05-01,South Sudan,143,Rubkona,29.63566,9.268476,2009_05,2009,5,,,0.2767462,71.24786,3.813951,-9.780602,2.373245,-2.484276,0,0,0.8550112,3578.829,21.51323,116611.0,5674.409,88.27273,0.0,0.0,0.0
2009-06-01,South Sudan,127,Koch,29.85742,8.633903,2009_06,2009,6,,,0.5444762,90.50782,19.41113,-3.604133,13.72223,-2.540545,0,0,0.926087,4428.075,10.10188,87627.0,5726.711,82.94444,0.0,0.0,0.0
2009-06-01,South Sudan,143,Rubkona,29.63566,9.268476,2009_06,2009,6,,,0.4559878,79.55509,18.85618,-3.718251,8.392569,-5.002207,0,0,0.8836191,3578.829,21.51323,116611.0,5674.409,88.27273,0.0,0.0,0.0
2009-07-01,South Sudan,127,Koch,29.85742,8.633903,2009_07,2009,7,1.0,,0.6911425,101.2147,22.26236,-8.139552,22.64699,-1.773959,0,0,0.9286523,4428.075,10.10188,87627.0,5726.711,82.94444,0.0,0.0,0.0
2009-07-01,South Sudan,143,Rubkona,29.63566,9.268476,2009_07,2009,7,1.0,,0.6927765,97.89643,20.21439,-7.316135,19.80453,-4.899284,0,0,0.8856083,3578.829,21.51323,116611.0,5674.409,88.27273,0.0,0.0,0.0
2009-08-01,South Sudan,127,Koch,29.85742,8.633903,2009_08,2009,8,,,0.6801067,96.92098,22.22469,-9.705352,27.86481,0.3409267,0,0,0.9412537,4428.075,10.10188,87627.0,5726.711,82.94444,0.0,0.0,0.0
2009-08-01,South Sudan,143,Rubkona,29.63566,9.268476,2009_08,2009,8,,,0.7478696,103.0128,25.49799,-8.731617,29.61979,0.2534977,2,8,0.8855345,3578.829,21.51323,116611.0,5674.409,88.27273,0.0,0.0,0.0
2009-09-01,South Sudan,127,Koch,29.85742,8.633903,2009_09,2009,9,,,0.6474036,97.39828,21.91593,-2.400406,19.62459,-3.670689,0,0,0.9237537,4428.075,10.10188,87627.0,5726.711,82.94444,0.0,0.0,0.0
2009-09-01,South Sudan,143,Rubkona,29.63566,9.268476,2009_09,2009,9,,,0.6659323,98.85053,25.17838,-1.976714,19.77562,-4.259443,0,0,0.8787218,3578.829,21.51323,116611.0,5674.409,88.27273,0.0,0.0,0.0
2009-10-01,South Sudan,127,Koch,29.85742,8.633903,2009_10,2009,10,1.0,,0.6084066,97.86013,10.84582,-2.039883,11.11528,-4.522653,0,0,0.9400961,4428.075,10.10188,87627.0,5726.711,82.94444,0.0,0.0,0.0
2009-10-01,South Sudan,143,Rubkona,29.63566,9.268476,2009_10,2009,10,1.0,,0.5558226,96.17928,13.84628,-0.8354497,9.447049,-3.204187,2,30,0.8847273,3578.829,21.51323,116611.0,5674.409,88.27273,0.0,0.0,0.0
2009-11-01,South Sudan,127,Koch,29.85742,8.633903,2009_11,2009,11,,,0.479086,87.0066,0.6753074,-0.5581888,2.419744,-2.39132,0,0,0.942767,4428.075,10.10188,87627.0,5726.711,82.94444,0.0,0.0,0.0
2009-11-01,South Sudan,143,Rubkona,29.63566,9.268476,2009_11,2009,11,,,0.4224665,87.48523,0.4992206,-0.2494551,1.384632,-0.6571104,0,0,0.908377,3578.829,21.51323,116611.0,5674.409,88.27273,0.0,0.0,0.0
2009-12-01,South Sudan,127,Koch,29.85742,8.633903,2009_12,2009,12,,,0.3337016,74.90108,0.06338726,-0.001089137,0.09694195,-0.4852563,0,0,0.9423014,4428.075,10.10188,87627.0,5726.711,82.94444,0.0,0.0,0.0
2009-12-01,South Sudan,143,Rubkona,29.63566,9.268476,2009_12,2009,12,,,0.3232765,87.13079,0.03594008,-0.000365909,0.07506931,-0.248895,0,0,0.9043122,3578.829,21.51323,116611.0,5674.409,88.27273,0.0,0.0,0.0
2010-01-01,South Sudan,127,Koch,29.85742,8.633903,2010_01,2010,1,2.0,,0.2915277,78.43054,0.06911537,-0.004164537,0.04890977,-0.5095643,0,0,0.9474249,4428.075,10.10188,91092.0,5726.711,82.94444,0.0,0.0,0.0
2010-01-01,South Sudan,143,Rubkona,29.63566,9.268476,2010_01,2010,1,1.0,,0.2856431,90.45458,0.0232243,-0.001379321,0.03436488,-0.4522217,1,10,0.9366769,3578.829,21.51323,121225.0,5674.409,88.27273,0.0,0.0,0.0
2010-02-01,South Sudan,127,Koch,29.85742,8.633903,2010_02,2010,2,,,0.2698554,85.16793,0.1013235,0.04322107,0.02212308,-0.05930491,0,0,0.9410449,4428.075,10.10188,91092.0,5726.711,82.94444,0.0,0.0,0.0
2010-02-01,South Sudan,143,Rubkona,29.63566,9.268476,2010_02,2010,2,,,0.264992,95.95175,0.04971933,0.001692493,0.01315622,-0.03219349,2,32,0.9203699,3578.829,21.51323,121225.0,5674.409,88.27273,0.0,0.0,0.0
2010-03-01,South Sudan,127,Koch,29.85742,8.633903,2010_03,2010,3,,,0.2541751,83.03054,0.9305002,-0.0637341,0.05303844,-0.3590265,0,0,0.9847044,4428.075,10.10188,91092.0,5726.711,82.94444,0.0,0.0,0.0
2010-03-01,South Sudan,143,Rubkona,29.63566,9.268476,2010_03,2010,3,,,0.2444336,92.72807,0.7539467,-0.004913697,0.01216592,-0.18712,1,13,0.9148862,3578.829,21.51323,121225.0,5674.409,88.27273,0.0,0.0,0.0
2010-04-01,South Sudan,127,Koch,29.85742,8.633903,2010_04,2010,4,1.0,,0.2706303,79.79962,2.922077,-2.482805,0.3109239,-1.769294,0,0,0.9885826,4428.075,10.10188,91092.0,5726.711,82.94444,0.0,0.0,0.0
2010-04-01,South Sudan,143,Rubkona,29.63566,9.268476,2010_04,2010,4,1.0,,0.2502174,86.63255,2.260953,-1.296282,0.2544113,-0.8811099,2,0,0.9171661,3578.829,21.51323,121225.0,5674.409,88.27273,0.0,0.0,0.0
2010-05-01,South Sudan,127,Koch,29.85742,8.633903,2010_05,2010,5,,,0.4072947,90.02652,16.67012,2.724191,8.243532,1.108805,0,0,0.9823568,4428.075,10.10188,91092.0,5726.711,82.94444,0.0,0.0,0.0
2010-05-01,South Sudan,143,Rubkona,29.63566,9.268476,2010_05,2010,5,,,0.3260268,83.93504,12.75977,-0.8347836,4.656311,-0.2012095,0,0,0.9105177,3578.829,21.51323,121225.0,5674.409,88.27273,0.0,0.0,0.0
2010-06-01,South Sudan,127,Koch,29.85742,8.633903,2010_06,2010,6,,,0.551022,91.59592,24.27723,1.26197,15.72287,-0.5399049,1,0,1.020434,4428.075,10.10188,91092.0,5726.711,82.94444,0.0,0.0,0.0
2010-06-01,South Sudan,143,Rubkona,29.63566,9.268476,2010_06,2010,6,,,0.5069276,88.44242,20.3654,-2.209023,11.95769,-1.43709,1,9,0.9462452,3578.829,21.51323,121225.0,5674.409,88.27273,0.0,0.0,0.0
2010-07-01,South Sudan,127,Koch,29.85742,8.633903,2010_07,2010,7,2.0,,0.663162,97.11705,28.86963,-1.532282,27.27662,2.85567,0,0,1.025109,4428.075,10.10188,91092.0,5726.711,82.94444,0.0,0.0,0.0
2010-07-01,South Sudan,143,Rubkona,29.63566,9.268476,2010_07,2010,7,2.0,,0.6515481,92.07044,27.0087,-0.5218289,26.34585,1.642028,0,0,0.9572335,3578.829,21.51323,121225.0,5674.409,88.27273,0.0,0.0,0.0
2010-08-01,South Sudan,127,Koch,29.85742,8.633903,2010_08,2010,8,,,0.7210931,102.7619,40.46226,8.532213,30.79602,3.272135,0,0,1.003628,4428.075,10.10188,91092.0,5726.711,82.94444,0.0,0.0,0.0
2010-08-01,South Sudan,143,Rubkona,29.63566,9.268476,2010_08,2010,8,,,0.6918676,95.29895,44.33262,10.10301,29.15617,-0.2101243,1,23,0.9482884,3578.829,21.51323,121225.0,5674.409,88.27273,0.0,0.0,0.0
2010-09-01,South Sudan,127,Koch,29.85742,8.633903,2010_09,2010,9,,,0.7049457,106.0552,22.62856,-1.687768,28.74894,5.45367,0,0,1.018884,4428.075,10.10188,91092.0,5726.711,82.94444,0.0,0.0,0.0
2010-09-01,South Sudan,143,Rubkona,29.63566,9.268476,2010_09,2010,9,,,0.6962781,103.355,19.77561,-7.379485,28.47784,4.442777,0,0,0.9287773,3578.829,21.51323,121225.0,5674.409,88.27273,0.0,0.0,0.0
2010-10-01,South Sudan,127,Koch,29.85742,8.633903,2010_10,2010,10,2.0,,0.642114,103.2818,17.01814,4.132436,22.80781,7.169878,0,0,1.142797,4428.075,10.10188,91092.0,5726.711,82.94444,0.0,0.0,0.0
2010-10-01,South Sudan,143,Rubkona,29.63566,9.268476,2010_10,2010,10,2.0,,0.6062636,104.9076,23.50785,8.826121,22.4298,9.778562,1,0,1.203891,3578.829,21.51323,121225.0,5674.409,88.27273,0.0,0.0,0.0
2010-11-01,South Sudan,127,Koch,29.85742,8.633903,2010_11,2010,11,,,0.5636788,102.3695,0.659685,-0.5738113,9.356013,4.544949,1,6,1.202078,4428.075,10.10188,91092.0,5726.711,82.94444,0.0,0.0,0.0
2010-11-01,South Sudan,143,Rubkona,29.63566,9.268476,2010_11,2010,11,,,0.5230354,108.3112,1.089247,0.3405712,5.20114,3.159397,1,12,1.305658,3578.829,21.51323,121225.0,5674.409,88.27273,0.0,0.0,0.0
2010-12-01,South Sudan,127,Koch,29.85742,8.633903,2010_12,2010,12,,,0.4106181,92.16539,0.06338726,-0.001089137,0.35139,-0.2308082,0,0,1.196491,4428.075,10.10188,91092.0,5726.711,82.94444,0.0,0.0,0.0
2010-12-01,South Sudan,143,Rubkona,29.63566,9.268476,2010_12,2010,12,,,0.3761306,101.3762,0.03594027,-0.000365712,0.2098783,-0.114086,0,0,1.252995,3578.829,21.51323,121225.0,5674.409,88.27273,0.0,0.0,0.0
2011-01-01,South Sudan,127,Koch,29.85742,8.633903,2011_01,2011,1,2.0,,0.3281244,88.27625,0.06911537,-0.004164536,0.3966889,-0.1617852,0,0,1.191662,4428.075,10.10188,93908.0,5726.711,82.94444,0.0,0.0,0.0
2011-01-01,South Sudan,143,Rubkona,29.63566,9.268476,2011_01,2011,1,2.0,,0.3096681,98.06255,0.02322422,-0.0013794,0.4055215,-0.08106505,1,2,1.207642,3578.829,21.51323,124976.0,5674.409,88.27273,0.0,0.0,0.0
2011-02-01,South Sudan,127,Koch,29.85742,8.633903,2011_02,2011,2,,,0.2697924,85.14807,0.04718879,-0.01091363,0.0270912,-0.05433679,0,0,1.186775,4428.075,10.10188,93908.0,5726.711,82.94444,0.0,0.0,0.0
2011-02-01,South Sudan,143,Rubkona,29.63566,9.268476,2011_02,2011,2,,,0.2610307,94.51741,0.04452072,-0.003506112,0.01658971,-0.02876,1,2,1.150734,3578.829,21.51323,124976.0,5674.409,88.27273,0.0,0.0,0.0
2011-03-01,South Sudan,127,Koch,29.85742,8.633903,2011_03,2011,3,,,0.2614493,85.40677,0.711077,-0.2831573,0.01458227,-0.3974827,0,0,1.190754,4428.075,10.10188,93908.0,5726.711,82.94444,0.0,0.0,0.0
2011-03-01,South Sudan,143,Rubkona,29.63566,9.268476,2011_03,2011,3,,,0.2498406,94.77926,0.4584345,-0.3004259,0.005807751,-0.1934781,0,0,1.106988,3578.829,21.51323,124976.0,5674.409,88.27273,0.0,0.0,0.0
2011-04-01,South Sudan,127,Koch,29.85742,8.633903,2011_04,2011,4,2.0,,0.2677613,78.95368,1.849104,-3.555779,0.3970529,-1.683165,0,0,1.208845,4428.075,10.10188,93908.0,5726.711,82.94444,0.0,0.0,0.0
2011-04-01,South Sudan,143,Rubkona,29.63566,9.268476,2011_04,2011,4,3.0,,0.2597125,89.92001,1.472562,-2.084673,0.1111358,-1.024385,2,30,1.072754,3578.829,21.51323,124976.0,5674.409,88.27273,0.0,0.0,0.0
2011-05-01,South Sudan,127,Koch,29.85742,8.633903,2011_05,2011,5,,,0.3727682,82.39495,13.19704,-0.7488824,3.903526,-3.231201,0,0,1.210642,4428.075,10.10188,93908.0,5726.711,82.94444,0.0,0.0,0.0
2011-05-01,South Sudan,143,Rubkona,29.63566,9.268476,2011_05,2011,5,,,0.3405921,87.68486,14.41369,0.8191329,3.360551,-1.496969,2,2,1.047742,3578.829,21.51323,124976.0,5674.409,88.27273,0.0,0.0,0.0
2011-06-01,South Sudan,127,Koch,29.85742,8.633903,2011_06,2011,6,,,0.6068129,100.87,27.16533,4.150068,15.16724,-1.095536,0,0,1.303331,4428.075,10.10188,93908.0,5726.711,82.94444,0.0,0.0,0.0
2011-06-01,South Sudan,143,Rubkona,29.63566,9.268476,2011_06,2011,6,,,0.5416086,94.49314,23.65411,1.079686,11.95911,-1.435667,2,3,1.103103,3578.829,21.51323,124976.0,5674.409,88.27273,0.0,0.0,0.0
2011-07-01,South Sudan,127,Koch,29.85742,8.633903,2011_07,2011,7,3.0,,0.6961661,101.9503,34.1931,3.791188,23.63251,-0.7884333,0,0,1.347713,4428.075,10.10188,93908.0,5726.711,82.94444,0.0,2.0,2.0
2011-07-01,South Sudan,143,Rubkona,29.63566,9.268476,2011_07,2011,7,2.0,,0.7124924,100.6825,30.23802,2.70749,21.60348,-3.100338,1,3,1.143094,3578.829,21.51323,124976.0,5674.409,88.27273,0.0,1.0,1.0
2011-08-01,South Sudan,127,Koch,29.85742,8.633903,2011_08,2011,8,,,0.7367545,104.9938,36.0626,4.132558,30.53879,3.014897,0,0,1.454269,4428.075,10.10188,93908.0,5726.711,82.94444,0.0,1.0,1.0
2011-08-01,South Sudan,143,Rubkona,29.63566,9.268476,2011_08,2011,8,,,0.753461,103.7829,33.69102,-0.5385875,29.68663,0.3203353,1,2,1.207328,3578.829,21.51323,124976.0,5674.409,88.27273,0.0,0.0,0.0
2011-09-01,South Sudan,127,Koch,29.85742,8.633903,2011_09,2011,9,,,0.7144489,107.4849,30.94412,6.627789,31.88702,8.591749,0,0,1.57664,4428.075,10.10188,93908.0,5726.711,82.94444,0.0,0.0,0.0
2011-09-01,South Sudan,143,Rubkona,29.63566,9.268476,2011_09,2011,9,,,0.7200883,106.8894,37.87256,10.71746,31.16368,7.128613,0,0,1.344989,3578.829,21.51323,124976.0,5674.409,88.27273,0.0,0.0,0.0
2011-10-01,South Sudan,127,Koch,29.85742,8.633903,2011_10,2011,10,1.0,,0.6847956,110.147,15.54754,2.661844,24.61674,8.97881,0,0,1.611853,4428.075,10.10188,93908.0,5726.711,82.94444,0.0,0.0,0.0
2011-10-01,South Sudan,143,Rubkona,29.63566,9.268476,2011_10,2011,10,1.0,,0.6514851,112.7327,16.71658,2.034857,18.50075,5.849512,0,0,1.449305,3578.829,21.51323,124976.0,5674.409,88.27273,0.0,0.0,0.0
2011-11-01,South Sudan,127,Koch,29.85742,8.633903,2011_11,2011,11,,,0.5655302,102.7057,0.3690787,-0.8644175,6.662672,1.851608,0,0,1.67927,4428.075,10.10188,93908.0,5726.711,82.94444,0.0,0.0,0.0
2011-11-01,South Sudan,143,Rubkona,29.63566,9.268476,2011_11,2011,11,,,0.4956524,102.6407,0.2771365,-0.4715391,1.61674,-0.4250026,1,0,1.586067,3578.829,21.51323,124976.0,5674.409,88.27273,1.0,1.0,2.0
2011-12-01,South Sudan,127,Koch,29.85742,8.633903,2011_12,2011,12,,,0.4156689,93.29907,0.06338726,-0.001089137,0.3986213,-0.183577,0,0,1.690031,4428.075,10.10188,93908.0,5726.711,82.94444,0.0,0.0,0.0
2011-12-01,South Sudan,143,Rubkona,29.63566,9.268476,2011_12,2011,12,,,0.3817087,102.8797,0.03594051,-0.000365478,0.3023428,-0.02162158,0,0,1.639498,3578.829,21.51323,124976.0,5674.409,88.27273,0.0,0.0,0.0
2012-01-01,South Sudan,127,Koch,29.85742,8.633903,2012_01,2012,1,2.0,,0.3083614,82.95937,0.06932882,-0.003951079,0.2378993,-0.3205748,0,0,1.759964,4428.075,10.10188,96723.0,5726.711,82.94444,0.0,0.0,0.0
2012-01-01,South Sudan,143,Rubkona,29.63566,9.268476,2012_01,2012,1,2.0,,0.3020386,95.64652,0.02350289,-0.001100731,0.2581071,-0.2284795,1,37,1.746414,3578.829,21.51323,128726.0,5674.409,88.27273,0.0,0.0,0.0
2012-02-01,South Sudan,127,Koch,29.85742,8.633903,2012_02,2012,2,,,0.2546377,80.36513,0.04732003,-0.01078239,0.01141849,-0.0700095,0,0,1.815768,4428.075,10.10188,96723.0,5726.711,82.94444,0.0,0.0,0.0
2012-02-01,South Sudan,143,Rubkona,29.63566,9.268476,2012_02,2012,2,,,0.2519255,91.22045,0.04456364,-0.003463193,0.01071082,-0.03463889,3,200,1.861524,3578.829,21.51323,128726.0,5674.409,88.27273,0.0,0.0,0.0
2012-03-01,South Sudan,127,Koch,29.85742,8.633903,2012_03,2012,3,,,0.2405335,78.57427,0.754855,-0.2393793,0.007511953,-0.404553,0,0,1.863952,4428.075,10.10188,96723.0,5726.711,82.94444,0.0,0.0,0.0
2012-03-01,South Sudan,143,Rubkona,29.63566,9.268476,2012_03,2012,3,,,0.2464395,93.48902,0.4674356,-0.2914248,0.003667495,-0.1956184,6,0,1.885155,3578.829,21.51323,128726.0,5674.409,88.27273,0.0,2.0,2.0
2012-04-01,South Sudan,127,Koch,29.85742,8.633903,2012_04,2012,4,2.0,0.0,0.2709544,79.8952,5.746423,0.3415405,0.9830192,-1.097198,0,0,1.937079,4428.075,10.10188,96723.0,5726.711,82.94444,0.0,3.0,3.0
2012-04-01,South Sudan,143,Rubkona,29.63566,9.268476,2012_04,2012,4,3.0,1.0,0.2770878,95.93587,2.570982,-0.9862534,0.5722716,-0.5632496,10,22,1.936376,3578.829,21.51323,128726.0,5674.409,88.27273,0.0,5.0,5.0
2012-05-01,South Sudan,127,Koch,29.85742,8.633903,2012_05,2012,5,,,0.3832329,84.70802,17.82213,3.876203,10.56802,3.433298,0,0,2.15958,4428.075,10.10188,96723.0,5726.711,82.94444,0.0,1.0,1.0
2012-05-01,South Sudan,143,Rubkona,29.63566,9.268476,2012_05,2012,5,,,0.3387973,87.2228,16.41044,2.81589,7.298811,2.441291,2,0,2.063672,3578.829,21.51323,128726.0,5674.409,88.27273,0.0,0.0,0.0
2012-06-01,South Sudan,127,Koch,29.85742,8.633903,2012_06,2012,6,,,0.5768614,95.89119,24.93606,1.920797,16.57484,0.3120601,0,0,2.166084,4428.075,10.10188,96723.0,5726.711,82.94444,0.0,0.0,0.0
2012-06-01,South Sudan,143,Rubkona,29.63566,9.268476,2012_06,2012,6,,,0.576667,100.6097,25.56618,2.991751,13.54661,0.1518337,0,0,2.125624,3578.829,21.51323,128726.0,5674.409,88.27273,0.0,0.0,0.0
2012-07-01,South Sudan,127,Koch,29.85742,8.633903,2012_07,2012,7,2.0,0.0,0.7075504,103.6175,41.21706,10.81515,27.95431,3.533367,0,0,2.073196,4428.075,10.10188,96723.0,5726.711,82.94444,0.0,0.0,0.0
2012-07-01,South Sudan,143,Rubkona,29.63566,9.268476,2012_07,2012,7,3.0,0.0,0.715036,101.0419,33.03279,5.502263,28.18086,3.477043,1,0,2.048953,3578.829,21.51323,128726.0,5674.409,88.27273,0.0,0.0,0.0
2012-08-01,South Sudan,127,Koch,29.85742,8.633903,2012_08,2012,8,,,0.7429169,105.872,38.29376,6.363715,32.92978,5.405894,0,0,2.055786,4428.075,10.10188,96723.0,5726.711,82.94444,0.0,0.0,0.0
2012-08-01,South Sudan,143,Rubkona,29.63566,9.268476,2012_08,2012,8,,,0.7191571,99.05785,34.19273,-0.03687202,34.50111,5.134818,0,0,2.002144,3578.829,21.51323,128726.0,5674.409,88.27273,0.0,0.0,0.0
2012-09-01,South Sudan,127,Koch,29.85742,8.633903,2012_09,2012,9,,,0.7057959,106.1831,18.39567,-5.920665,30.47294,7.177667,0,0,2.104321,4428.075,10.10188,96723.0,5726.711,82.94444,0.0,0.0,0.0
2012-09-01,South Sudan,143,Rubkona,29.63566,9.268476,2012_09,2012,9,,,0.7027637,104.3178,18.6996,-8.455493,30.8851,6.850031,1,0,2.071798,3578.829,21.51323,128726.0,5674.409,88.27273,0.0,0.0,0.0
2012-10-01,South Sudan,127,Koch,29.85742,8.633903,2012_10,2012,10,1.0,0.0,0.6302452,101.3728,12.11781,-0.7678873,24.95051,9.312583,0,0,2.176849,4428.075,10.10188,96723.0,5726.711,82.94444,0.0,0.0,0.0
2012-10-01,South Sudan,143,Rubkona,29.63566,9.268476,2012_10,2012,10,2.0,0.0,0.5630113,97.4232,12.21308,-2.468645,21.24305,8.591812,0,0,2.136198,3578.829,21.51323,128726.0,5674.409,88.27273,0.0,0.0,0.0
2012-11-01,South Sudan,127,Koch,29.85742,8.633903,2012_11,2012,11,,,0.5334225,96.87462,2.726884,1.493388,9.953444,5.142381,0,0,2.167344,4428.075,10.10188,96723.0,5726.711,82.94444,0.0,0.0,0.0
2012-11-01,South Sudan,143,Rubkona,29.63566,9.268476,2012_11,2012,11,,,0.4449731,92.14594,2.130442,1.381767,3.531691,1.489948,0,0,2.082352,3578.829,21.51323,128726.0,5674.409,88.27273,0.0,0.0,0.0
2012-12-01,South Sudan,127,Koch,29.85742,8.633903,2012_12,2012,12,,,0.4498858,100.9792,0.06338726,-0.001089137,1.307872,0.725674,0,0,2.176687,4428.075,10.10188,96723.0,5726.711,82.94444,0.0,0.0,0.0
2012-12-01,South Sudan,143,Rubkona,29.63566,9.268476,2012_12,2012,12,,,0.3661163,98.67715,0.03594051,-0.000365478,0.4478231,0.1238587,0,0,2.14158,3578.829,21.51323,128726.0,5674.409,88.27273,0.0,0.0,0.0
2013-01-01,South Sudan,127,Koch,29.85742,8.633903,2013_01,2013,1,1.0,0.0,0.3951593,106.3108,0.07912259,0.005842687,0.2365815,-0.3218926,0,0,2.131131,4428.075,10.10188,99538.0,5726.711,82.94444,0.0,0.0,0.0
2013-01-01,South Sudan,143,Rubkona,29.63566,9.268476,2013_01,2013,1,1.0,0.0,0.3245757,102.7833,0.02380428,-0.000799336,0.1802535,-0.3063331,2,6,2.113464,3578.829,21.51323,132477.0,5674.409,88.27273,0.0,0.0,0.0
2013-02-01,South Sudan,127,Koch,29.85742,8.633903,2013_02,2013,2,,,0.2935623,92.64999,0.05200116,-0.006101255,0.05189609,-0.0295319,0,0,2.081307,4428.075,10.10188,99538.0,5726.711,82.94444,1.0,0.0,1.0
2013-02-01,South Sudan,143,Rubkona,29.63566,9.268476,2013_02,2013,2,,,0.2665107,96.50166,0.04834363,0.000316799,0.02263924,-0.02271047,2,2,2.074827,3578.829,21.51323,132477.0,5674.409,88.27273,0.0,0.0,0.0
2013-03-01,South Sudan,127,Koch,29.85742,8.633903,2013_03,2013,3,,,0.3039328,99.2847,0.8429178,-0.1513165,0.1185473,-0.2935177,0,0,1.982049,4428.075,10.10188,99538.0,5726.711,82.94444,1.0,0.0,1.0
2013-03-01,South Sudan,143,Rubkona,29.63566,9.268476,2013_03,2013,3,,,0.2713026,102.9211,0.911429,0.1525686,0.02093029,-0.1783556,1,0,2.047132,3578.829,21.51323,132477.0,5674.409,88.27273,1.0,0.0,1.0
2013-04-01,South Sudan,127,Koch,29.85742,8.633903,2013_04,2013,4,2.0,0.0,0.305832,90.17942,2.677032,-2.727851,0.0917589,-1.988459,0,0,2.02555,4428.075,10.10188,99538.0,5726.711,82.94444,0.0,0.0,0.0
2013-04-01,South Sudan,143,Rubkona,29.63566,9.268476,2013_04,2013,4,2.0,0.0,0.2606898,90.2584,2.122111,-1.435124,0.02085513,-1.114666,1,0,2.029546,3578.829,21.51323,132477.0,5674.409,88.27273,0.0,0.0,0.0
2013-05-01,South Sudan,127,Koch,29.85742,8.633903,2013_05,2013,5,,,0.3942561,87.14452,18.62578,4.679853,5.235863,-1.898864,0,0,2.040996,4428.075,10.10188,99538.0,5726.711,82.94444,0.0,0.0,0.0
2013-05-01,South Sudan,143,Rubkona,29.63566,9.268476,2013_05,2013,5,,,0.3682913,94.81597,18.2325,4.637952,3.5222,-1.33532,1,1,2.017776,3578.829,21.51323,132477.0,5674.409,88.27273,0.0,0.0,0.0
2013-06-01,South Sudan,127,Koch,29.85742,8.633903,2013_06,2013,6,,,0.553341,91.98142,31.46937,8.45411,13.01435,-3.248429,0,0,2.035738,4428.075,10.10188,99538.0,5726.711,82.94444,0.0,0.0,0.0
2013-06-01,South Sudan,143,Rubkona,29.63566,9.268476,2013_06,2013,6,,,0.5579956,97.35214,25.22492,2.650497,11.66047,-1.734303,1,11,2.001783,3578.829,21.51323,132477.0,5674.409,88.27273,0.0,0.0,0.0
2013-07-01,South Sudan,127,Koch,29.85742,8.633903,2013_07,2013,7,2.0,0.0,0.6687273,97.93206,23.19161,-7.210298,23.7771,-0.643848,0,0,2.066192,4428.075,10.10188,99538.0,5726.711,82.94444,0.0,0.0,0.0
2013-07-01,South Sudan,143,Rubkona,29.63566,9.268476,2013_07,2013,7,2.0,0.0,0.6965558,98.4305,18.46537,-9.065159,21.26048,-3.443337,0,0,1.977579,3578.829,21.51323,132477.0,5674.409,88.27273,0.0,0.0,0.0
2013-08-01,South Sudan,127,Koch,29.85742,8.633903,2013_08,2013,8,,,0.7532346,107.3423,22.19215,-9.737892,34.66778,7.143896,0,0,2.069598,4428.075,10.10188,99538.0,5726.711,82.94444,0.0,0.0,0.0
2013-08-01,South Sudan,143,Rubkona,29.63566,9.268476,2013_08,2013,8,,,0.7528887,103.7041,31.42254,-2.80707,35.53355,6.167255,0,0,1.98966,3578.829,21.51323,132477.0,5674.409,88.27273,0.0,0.0,0.0
2013-09-01,South Sudan,127,Koch,29.85742,8.633903,2013_09,2013,9,,,0.7116397,107.0622,30.34149,6.025155,28.17924,4.883969,0,0,2.055965,4428.075,10.10188,99538.0,5726.711,82.94444,0.0,0.0,0.0
2013-09-01,South Sudan,143,Rubkona,29.63566,9.268476,2013_09,2013,9,,,0.6960957,103.328,35.08188,7.92678,29.49906,5.463997,1,2,1.971346,3578.829,21.51323,132477.0,5674.409,88.27273,0.0,0.0,0.0
2013-10-01,South Sudan,127,Koch,29.85742,8.633903,2013_10,2013,10,1.0,0.0,0.658038,105.8432,8.538955,-4.346745,18.1054,2.467475,0,0,2.060224,4428.075,10.10188,99538.0,5726.711,82.94444,0.0,0.0,0.0
2013-10-01,South Sudan,143,Rubkona,29.63566,9.268476,2013_10,2013,10,1.0,0.0,0.6300699,109.027,8.904439,-5.777286,16.02546,3.374225,1,2,1.976586,3578.829,21.51323,132477.0,5674.409,88.27273,2.0,0.0,2.0
2013-11-01,South Sudan,127,Koch,29.85742,8.633903,2013_11,2013,11,,,0.6009465,109.1376,0.4930277,-0.7404685,6.565043,1.753979,0,0,2.064261,4428.075,10.10188,99538.0,5726.711,82.94444,0.0,0.0,0.0
2013-11-01,South Sudan,143,Rubkona,29.63566,9.268476,2013_11,2013,11,,,0.5459837,113.0634,0.271197,-0.4774786,3.360935,1.319193,3,20,1.968558,3578.829,21.51323,132477.0,5674.409,88.27273,0.0,2.0,2.0
2013-12-01,South Sudan,127,Koch,29.85742,8.633903,2013_12,2013,12,,,0.5145764,115.4994,0.06767252,0.003196124,1.358242,0.7760439,1,7,2.03139,4428.075,10.10188,99538.0,5726.711,82.94444,0.0,0.0,0.0
2013-12-01,South Sudan,143,Rubkona,29.63566,9.268476,2013_12,2013,12,,,0.4245297,114.421,0.0368437,0.000537714,0.9957361,0.6717717,19,316,1.949153,3578.829,21.51323,132477.0,5674.409,88.27273,9.0,3.0,12.0
2014-01-01,South Sudan,127,Koch,29.85742,8.633903,2014_01,2014,1,2.0,0.0,0.4168091,112.1354,0.06965845,-0.003621455,0.2411008,-0.3173733,0,0,2.113464,4428.075,10.10188,102354.0,5726.711,82.94444,3.0,0.0,3.0
2014-01-01,South Sudan,143,Rubkona,29.63566,9.268476,2014_01,2014,1,2.0,0.0,0.3496788,110.7327,0.02380427,-0.000799342,0.1820216,-0.304565,23,302,2.033785,3578.829,21.51323,136227.0,5674.409,88.27273,11.0,2.0,13.0
2014-02-01,South Sudan,127,Koch,29.85742,8.633903,2014_02,2014,2,,,0.3524139,111.2239,0.1114038,0.05330141,0.1638582,0.08243024,0,0,2.093692,4428.075,10.10188,102354.0,5726.711,82.94444,0.0,0.0,0.0
2014-02-01,South Sudan,143,Rubkona,29.63566,9.268476,2014_02,2014,2,,,0.306298,110.9084,0.07163883,0.023612,0.1385915,0.0932418,5,0,2.068111,3578.829,21.51323,136227.0,5674.409,88.27273,0.0,0.0,0.0
2014-03-01,South Sudan,127,Koch,29.85742,8.633903,2014_03,2014,3,,,0.3689919,120.5374,0.9758007,-0.01843355,1.127735,0.7156698,0,0,2.135009,4428.075,10.10188,102354.0,5726.711,82.94444,0.0,0.0,0.0
2014-03-01,South Sudan,143,Rubkona,29.63566,9.268476,2014_03,2014,3,,,0.3160938,119.913,0.798175,0.0393146,0.8794233,0.6801374,1,10,2.097899,3578.829,21.51323,136227.0,5674.409,88.27273,1.0,0.0,1.0
2014-04-01,South Sudan,127,Koch,29.85742,8.633903,2014_04,2014,4,3.0,0.0,0.4361849,128.616,14.50567,9.100785,8.925621,6.845404,3,0,2.182612,4428.075,10.10188,102354.0,5726.711,82.94444,3.0,1.0,4.0
2014-04-01,South Sudan,143,Rubkona,29.63566,9.268476,2014_04,2014,4,2.0,1.0,0.3856745,133.5317,11.43807,7.880837,5.47694,4.341419,14,230,2.161967,3578.829,21.51323,136227.0,5674.409,88.27273,16.0,39.0,55.0
2014-05-01,South Sudan,127,Koch,29.85742,8.633903,2014_05,2014,5,,,0.5978594,132.148,23.72076,9.774832,18.49112,11.3564,0,0,2.211166,4428.075,10.10188,102354.0,5726.711,82.94444,0.0,1.0,1.0
2014-05-01,South Sudan,143,Rubkona,29.63566,9.268476,2014_05,2014,5,,,0.5533464,142.4581,18.59526,5.000702,13.80948,8.951962,12,39,2.194206,3578.829,21.51323,136227.0,5674.409,88.27273,5.0,7.0,12.0
2014-06-01,South Sudan,127,Koch,29.85742,8.633903,2014_06,2014,6,,,0.6429903,106.8837,29.52591,6.510641,20.78165,4.518873,0,0,2.271574,4428.075,10.10188,102354.0,5726.711,82.94444,0.0,0.0,0.0
2014-06-01,South Sudan,143,Rubkona,29.63566,9.268476,2014_06,2014,6,,,0.6302784,109.9631,32.55211,9.977681,19.60696,6.212185,5,3,2.229202,3578.829,21.51323,136227.0,5674.409,88.27273,1.0,1.0,2.0
2014-07-01,South Sudan,127,Koch,29.85742,8.633903,2014_07,2014,7,4.0,0.0,0.7389307,108.213,33.59892,3.197003,29.77697,5.356025,0,0,2.303915,4428.075,10.10188,102354.0,5726.711,82.94444,0.0,0.0,0.0
2014-07-01,South Sudan,143,Rubkona,29.63566,9.268476,2014_07,2014,7,3.0,1.0,0.751086,106.1362,30.3036,2.773069,33.10555,8.401727,6,128,2.243194,3578.829,21.51323,136227.0,5674.409,88.27273,1.0,2.0,3.0
2014-08-01,South Sudan,127,Koch,29.85742,8.633903,2014_08,2014,8,,,0.6958369,99.16268,28.06032,-3.86973,30.41889,2.894999,0,0,2.330479,4428.075,10.10188,102354.0,5726.711,82.94444,0.0,0.0,0.0
2014-08-01,South Sudan,143,Rubkona,29.63566,9.268476,2014_08,2014,8,,,0.6998717,96.40145,36.09499,1.865385,29.96928,0.6029886,20,147,2.287678,3578.829,21.51323,136227.0,5674.409,88.27273,1.0,10.0,11.0
2014-09-01,South Sudan,127,Koch,29.85742,8.633903,2014_09,2014,9,,,0.6609436,99.4353,27.78135,3.465021,27.41192,4.116648,0,0,2.309264,4428.075,10.10188,102354.0,5726.711,82.94444,0.0,0.0,0.0
2014-09-01,South Sudan,143,Rubkona,29.63566,9.268476,2014_09,2014,9,,,0.6470663,96.05008,29.11033,1.955236,26.80788,2.772818,4,2,2.326679,3578.829,21.51323,136227.0,5674.409,88.27273,1.0,1.0,2.0
2014-10-01,South Sudan,127,Koch,29.85742,8.633903,2014_10,2014,10,3.0,0.0,0.6702625,107.8094,13.39179,0.506086,22.07704,6.439115,0,0,2.381938,4428.075,10.10188,102354.0,5726.711,82.94444,0.0,0.0,0.0
2014-10-01,South Sudan,143,Rubkona,29.63566,9.268476,2014_10,2014,10,3.0,0.0,0.6045507,104.6112,13.14075,-1.540972,17.28968,4.638441,7,536,2.456265,3578.829,21.51323,136227.0,5674.409,88.27273,2.0,6.0,8.0
2014-11-01,South Sudan,127,Koch,29.85742,8.633903,2014_11,2014,11,,,0.6177161,112.1831,0.7635557,-0.4699405,12.54566,7.734594,0,0,2.562514,4428.075,10.10188,102354.0,5726.711,82.94444,0.0,0.0,0.0
2014-11-01,South Sudan,143,Rubkona,29.63566,9.268476,2014_11,2014,11,,,0.5528684,114.4891,0.2870725,-0.4616031,4.721069,2.679327,2,0,2.662143,3578.829,21.51323,136227.0,5674.409,88.27273,0.0,3.0,3.0
2014-12-01,South Sudan,127,Koch,29.85742,8.633903,2014_12,2014,12,,,0.5551164,124.5988,0.06767252,0.003196124,1.12513,0.5429319,0,0,2.58232,4428.075,10.10188,102354.0,5726.711,82.94444,0.0,0.0,0.0
2014-12-01,South Sudan,143,Rubkona,29.63566,9.268476,2014_12,2014,12,,,0.4831996,130.2339,0.036844,0.000538013,0.5031927,0.1792284,2,12,2.791657,3578.829,21.51323,136227.0,5674.409,88.27273,1.0,3.0,4.0
2015-01-01,South Sudan,127,Koch,29.85742,8.633903,2015_01,2015,1,3.0,0.0,0.4738091,127.4702,0.06965845,-0.003621455,1.612811,1.054337,0,0,2.533839,4428.075,10.10188,105169.0,5726.711,82.94444,0.0,0.0,0.0
2015-01-01,South Sudan,143,Rubkona,29.63566,9.268476,2015_01,2015,1,3.0,1.0,0.4181473,132.4146,0.02380428,-0.000799336,1.14749,0.6609034,8,36,2.750807,3578.829,21.51323,139977.0,5674.409,88.27273,0.0,2.0,2.0
2015-02-01,South Sudan,127,Koch,29.85742,8.633903,2015_02,2015,2,,,0.3792165,119.6829,0.05251902,-0.005583397,0.2825469,0.2011189,0,0,2.556194,4428.075,10.10188,105169.0,5726.711,82.94444,0.0,0.0,0.0
2015-02-01,South Sudan,143,Rubkona,29.63566,9.268476,2015_02,2015,2,,,0.3533404,127.9421,0.04831929,0.000292453,0.09728902,0.0519393,2,0,2.842045,3578.829,21.51323,139977.0,5674.409,88.27273,0.0,1.0,1.0
2015-03-01,South Sudan,127,Koch,29.85742,8.633903,2015_03,2015,3,,,0.3779029,123.4483,1.659343,0.6651092,1.844527,1.432462,0,0,2.583528,4428.075,10.10188,105169.0,5726.711,82.94444,0.0,0.0,0.0
2015-03-01,South Sudan,143,Rubkona,29.63566,9.268476,2015_03,2015,3,,,0.3519999,133.5343,1.520869,0.7620086,0.9394259,0.74014,7,20,2.824438,3578.829,21.51323,139977.0,5674.409,88.27273,0.0,0.0,0.0
2015-04-01,South Sudan,127,Koch,29.85742,8.633903,2015_04,2015,4,3.0,1.0,0.4269298,125.887,2.938303,-2.466579,1.932343,-0.1478745,0,0,2.651617,4428.075,10.10188,105169.0,5726.711,82.94444,0.0,0.0,0.0
2015-04-01,South Sudan,143,Rubkona,29.63566,9.268476,2015_04,2015,4,3.0,1.0,0.3819688,132.2487,1.73404,-1.823195,0.6466452,-0.488876,8,30,2.754668,3578.829,21.51323,139977.0,5674.409,88.27273,0.0,0.0,0.0
2015-05-01,South Sudan,127,Koch,29.85742,8.633903,2015_05,2015,5,,,0.5697229,125.9289,9.351791,-4.594134,7.007583,-0.1271439,0,0,2.811602,4428.075,10.10188,105169.0,5726.711,82.94444,0.0,0.0,0.0
2015-05-01,South Sudan,143,Rubkona,29.63566,9.268476,2015_05,2015,5,,,0.4951165,127.4669,6.887862,-6.706691,3.297707,-1.559813,2,19,2.743221,3578.829,21.51323,139977.0,5674.409,88.27273,1.0,5.0,6.0
2015-06-01,South Sudan,127,Koch,29.85742,8.633903,2015_06,2015,6,,,0.6100273,101.4043,22.31954,-0.6957279,15.15389,-1.10889,0,0,3.371887,4428.075,10.10188,105169.0,5726.711,82.94444,0.0,0.0,0.0
2015-06-01,South Sudan,143,Rubkona,29.63566,9.268476,2015_06,2015,6,,,0.5821117,101.5596,21.98631,-0.5881206,11.95248,-1.442296,6,10,3.748419,3578.829,21.51323,139977.0,5674.409,88.27273,1.0,0.0,1.0
2015-07-01,South Sudan,127,Koch,29.85742,8.633903,2015_07,2015,7,4.0,0.0,0.6255948,91.6155,24.50685,-5.895059,17.3585,-7.062443,0,0,3.548431,4428.075,10.10188,105169.0,5726.711,82.94444,0.0,0.0,0.0
2015-07-01,South Sudan,143,Rubkona,29.63566,9.268476,2015_07,2015,7,4.0,0.0,0.6502509,91.88714,24.67972,-2.850803,18.59634,-6.107475,2,1,3.868331,3578.829,21.51323,139977.0,5674.409,88.27273,0.0,0.0,0.0
2015-08-01,South Sudan,127,Koch,29.85742,8.633903,2015_08,2015,8,,,0.6819679,97.18622,33.04417,1.114129,21.85183,-5.67206,1,0,3.760168,4428.075,10.10188,105169.0,5726.711,82.94444,0.0,0.0,0.0
2015-08-01,South Sudan,143,Rubkona,29.63566,9.268476,2015_08,2015,8,,,0.7175228,98.83275,36.32991,2.100302,26.71296,-2.653329,0,0,4.087946,3578.829,21.51323,139977.0,5674.409,88.27273,0.0,0.0,0.0
2015-09-01,South Sudan,127,Koch,29.85742,8.633903,2015_09,2015,9,,,0.6555636,98.6259,25.24946,0.9331254,19.37906,-3.916211,3,66,3.77019,4428.075,10.10188,105169.0,5726.711,82.94444,0.0,0.0,0.0
2015-09-01,South Sudan,143,Rubkona,29.63566,9.268476,2015_09,2015,9,,,0.6734721,99.96974,25.62974,-1.525355,19.95069,-4.084373,0,0,3.763992,3578.829,21.51323,139977.0,5674.409,88.27273,0.0,0.0,0.0
2015-10-01,South Sudan,127,Koch,29.85742,8.633903,2015_10,2015,10,4.0,0.0,0.6184498,99.47553,16.08848,3.202777,14.71257,-0.9253577,3,51,3.905843,4428.075,10.10188,105169.0,5726.711,82.94444,0.0,0.0,0.0
2015-10-01,South Sudan,143,Rubkona,29.63566,9.268476,2015_10,2015,10,4.0,0.0,0.6228188,107.7723,19.66154,4.97981,13.70078,1.049546,3,0,3.809407,3578.829,21.51323,139977.0,5674.409,88.27273,0.0,0.0,0.0
2015-11-01,South Sudan,127,Koch,29.85742,8.633903,2015_11,2015,11,,,0.5665062,102.8829,1.060239,-0.1732574,2.031296,-2.779768,4,8,3.970979,4428.075,10.10188,105169.0,5726.711,82.94444,0.0,0.0,0.0
2015-11-01,South Sudan,143,Rubkona,29.63566,9.268476,2015_11,2015,11,,,0.5332729,110.4312,0.3308965,-0.4177791,1.135944,-0.9057986,0,0,3.903321,3578.829,21.51323,139977.0,5674.409,88.27273,0.0,0.0,0.0
2015-12-01,South Sudan,127,Koch,29.85742,8.633903,2015_12,2015,12,,,0.4517829,101.4051,0.07083951,0.006363116,1.056665,0.4744664,0,0,4.203355,4428.075,10.10188,105169.0,5726.711,82.94444,0.0,0.0,0.0
2015-12-01,South Sudan,143,Rubkona,29.63566,9.268476,2015_12,2015,12,,,0.4169579,112.3802,0.0368436,0.000537609,1.02329,0.6993259,0,0,3.865688,3578.829,21.51323,139977.0,5674.409,88.27273,0.0,1.0,1.0
2016-01-01,South Sudan,127,Koch,29.85742,8.633903,2016_01,2016,1,,,0.3657982,98.41176,0.06965845,-0.003621455,0.4346255,-0.1238486,0,0,4.497915,4428.075,10.10188,119613.0,5726.711,82.94444,0.0,0.0,0.0
2016-01-01,South Sudan,143,Rubkona,29.63566,9.268476,2016_01,2016,1,,,0.3553275,112.5215,0.02380428,-0.000799336,0.5715608,0.08497426,1,1,3.964477,3578.829,21.51323,139059.0,5674.409,88.27273,0.0,0.0,0.0
2016-02-01,South Sudan,127,Koch,29.85742,8.633903,2016_02,2016,2,4.0,0.0,0.3171722,100.1014,0.06668425,0.008581839,0.04624099,-0.035187,0,0,4.8822,4428.075,10.10188,119613.0,5726.711,82.94444,0.0,0.0,0.0
2016-02-01,South Sudan,143,Rubkona,29.63566,9.268476,2016_02,2016,2,3.0,1.0,0.30496,110.4239,0.04834363,0.000316799,0.05132295,0.005973233,0,0,4.259475,3578.829,21.51323,139059.0,5674.409,88.27273,0.0,0.0,0.0
2016-03-01,South Sudan,127,Koch,29.85742,8.633903,2016_03,2016,3,,,0.321756,105.107,1.803574,0.8093402,0.5081304,0.09606538,6,18,5.557652,4428.075,10.10188,119613.0,5726.711,82.94444,0.0,0.0,0.0
2016-03-01,South Sudan,143,Rubkona,29.63566,9.268476,2016_03,2016,3,,,0.2750268,104.3339,1.928213,1.169352,0.1046996,-0.09458631,0,0,4.514588,3578.829,21.51323,139059.0,5674.409,88.27273,0.0,0.0,0.0
2016-04-01,South Sudan,127,Koch,29.85742,8.633903,2016_04,2016,4,,,0.3825462,112.7998,7.335452,1.930569,2.566594,0.4863767,0,0,6.156997,4428.075,10.10188,119613.0,5726.711,82.94444,0.0,0.0,0.0
2016-04-01,South Sudan,143,Rubkona,29.63566,9.268476,2016_04,2016,4,,,0.329103,113.945,3.689245,0.1320098,1.661809,0.5262877,6,4,4.967897,3578.829,21.51323,139059.0,5674.409,88.27273,0.0,0.0,0.0
2016-05-01,South Sudan,127,Koch,29.85742,8.633903,2016_05,2016,5,,,0.5927445,131.0175,21.28537,7.339443,17.64378,10.50906,0,0,6.828842,4428.075,10.10188,119613.0,5726.711,82.94444,0.0,0.0,0.0
2016-05-01,South Sudan,143,Rubkona,29.63566,9.268476,2016_05,2016,5,,,0.4870987,125.4027,21.95778,8.363227,10.38656,5.529041,2,6,5.937502,3578.829,21.51323,139059.0,5674.409,88.27273,0.0,0.0,0.0
2016-06-01,South Sudan,127,Koch,29.85742,8.633903,2016_06,2016,6,3.0,0.0,0.737026,122.5152,27.57667,4.561404,24.80404,8.541261,0,0,7.421559,4428.075,10.10188,119613.0,5726.711,82.94444,0.0,0.0,0.0
2016-06-01,South Sudan,143,Rubkona,29.63566,9.268476,2016_06,2016,6,2.0,0.0,0.672784,117.379,24.07309,1.498665,17.72414,4.329368,0,0,6.547625,3578.829,21.51323,139059.0,5674.409,88.27273,0.0,0.0,0.0
2016-07-01,South Sudan,127,Koch,29.85742,8.633903,2016_07,2016,7,,,0.7452758,109.1422,29.88818,-0.5137281,34.96751,10.54657,0,0,8.20741,4428.075,10.10188,119613.0,5726.711,82.94444,0.0,0.0,0.0
2016-07-01,South Sudan,143,Rubkona,29.63566,9.268476,2016_07,2016,7,,,0.7281121,102.8897,28.80723,1.276703,30.39588,5.692064,3,1,7.08302,3578.829,21.51323,139059.0,5674.409,88.27273,0.0,0.0,0.0
2016-08-01,South Sudan,127,Koch,29.85742,8.633903,2016_08,2016,8,,,0.6940929,98.91414,26.13924,-5.790805,29.61416,2.090277,1,5,9.79972,4428.075,10.10188,119613.0,5726.711,82.94444,0.0,0.0,0.0
2016-08-01,South Sudan,143,Rubkona,29.63566,9.268476,2016_08,2016,8,,,0.7451235,102.6345,27.75564,-6.473967,34.12716,4.760873,1,0,8.406734,3578.829,21.51323,139059.0,5674.409,88.27273,0.0,0.0,0.0
2016-09-01,South Sudan,127,Koch,29.85742,8.633903,2016_09,2016,9,,,0.6436662,96.83602,17.76912,-6.547214,23.6585,0.3632251,6,13,11.53114,4428.075,10.10188,119613.0,5726.711,82.94444,0.0,0.0,0.0
2016-09-01,South Sudan,143,Rubkona,29.63566,9.268476,2016_09,2016,9,,,0.6909175,102.5593,20.80903,-6.346068,27.40053,3.365462,5,22,10.3296,3578.829,21.51323,139059.0,5674.409,88.27273,0.0,0.0,0.0
2016-10-01,South Sudan,127,Koch,29.85742,8.633903,2016_10,2016,10,4.0,0.0,0.6207261,99.84168,12.57411,-0.3115864,9.842686,-5.795243,0,0,12.922,4428.075,10.10188,119613.0,5726.711,82.94444,0.0,0.0,0.0
2016-10-01,South Sudan,143,Rubkona,29.63566,9.268476,2016_10,2016,10,2.0,1.0,0.5688159,98.42764,15.44155,0.7598231,7.193307,-5.457929,2,10,11.65631,3578.829,21.51323,139059.0,5674.409,88.27273,0.0,0.0,0.0
2016-11-01,South Sudan,127,Koch,29.85742,8.633903,2016_11,2016,11,,,0.5842666,106.1084,0.4514141,-0.7820821,0.9364347,-3.874629,2,18,14.09543,4428.075,10.10188,119613.0,5726.711,82.94444,0.0,0.0,0.0
2016-11-01,South Sudan,143,Rubkona,29.63566,9.268476,2016_11,2016,11,,,0.4372997,90.55691,0.2619421,-0.4867335,0.3195813,-1.722161,8,3,12.3618,3578.829,21.51323,139059.0,5674.409,88.27273,0.0,0.0,0.0
2016-12-01,South Sudan,127,Koch,29.85742,8.633903,2016_12,2016,12,,,0.5386564,120.9043,0.06767252,0.003196124,0.5591366,-0.02306167,7,7,16.07728,4428.075,10.10188,119613.0,5726.711,82.94444,0.0,0.0,0.0
2016-12-01,South Sudan,143,Rubkona,29.63566,9.268476,2016_12,2016,12,,,0.3640586,98.12254,0.03684455,0.000538569,0.2270666,-0.09689771,0,0,13.72048,3578.829,21.51323,139059.0,5674.409,88.27273,0.0,1.0,1.0
2017-01-01,South Sudan,127,Koch,29.85742,8.633903,2017_01,2017,1,,,0.4729557,127.2406,0.06965845,-0.003621455,0.1795642,-0.3789099,1,10,16.45754,4428.075,10.10188,134058.0,5726.711,82.94444,0.0,0.0,0.0
2017-01-01,South Sudan,143,Rubkona,29.63566,9.268476,2017_01,2017,1,,,0.3134532,99.26119,0.02380428,-0.000799336,0.06686474,-0.4197218,5,10,14.46568,3578.829,21.51323,138141.0,5674.409,88.27273,0.0,0.0,0.0
2017-02-01,South Sudan,127,Koch,29.85742,8.633903,2017_02,2017,2,4.0,0.0,0.4130261,130.3535,0.05200116,-0.006101255,0.2041985,0.1227705,2,22,17.10125,4428.075,10.10188,134058.0,5726.711,82.94444,0.0,0.0,0.0
2017-02-01,South Sudan,143,Rubkona,29.63566,9.268476,2017_02,2017,2,3.0,1.0,0.2846215,103.0594,0.04834363,0.000316799,0.091208,0.04585829,1,0,14.0671,3578.829,21.51323,138141.0,5674.409,88.27273,0.0,0.0,0.0
2017-03-01,South Sudan,127,Koch,29.85742,8.633903,2017_03,2017,3,,,0.3562473,116.3741,0.9192436,-0.07499065,0.06823198,-0.343833,1,0,18.416,4428.075,10.10188,134058.0,5726.711,82.94444,0.0,0.0,0.0
2017-03-01,South Sudan,143,Rubkona,29.63566,9.268476,2017_03,2017,3,,,0.2726104,103.4172,0.6237167,-0.1351437,0.01009121,-0.1891947,1,3,14.64411,3578.829,21.51323,138141.0,5674.409,88.27273,0.0,0.0,0.0
2017-04-01,South Sudan,127,Koch,29.85742,8.633903,2017_04,2017,4,,,0.3765269,111.0249,4.547169,-0.8577129,2.024837,-0.05538021,0,0,20.24309,4428.075,10.10188,134058.0,5726.711,82.94444,0.0,0.0,0.0
2017-04-01,South Sudan,143,Rubkona,29.63566,9.268476,2017_04,2017,4,,,0.2920616,101.1202,2.80681,-0.7504249,0.4981598,-0.6373614,2,7,15.22202,3578.829,21.51323,138141.0,5674.409,88.27273,0.0,0.0,0.0
2017-05-01,South Sudan,127,Koch,29.85742,8.633903,2017_05,2017,5,,,0.5476426,121.0484,14.3869,0.4409711,10.66774,3.533011,0,0,21.97875,4428.075,10.10188,134058.0,5726.711,82.94444,0.0,0.0,0.0
2017-05-01,South Sudan,143,Rubkona,29.63566,9.268476,2017_05,2017,5,,,0.5003457,128.8132,18.21232,4.617765,6.704841,1.847321,0,0,17.03176,3578.829,21.51323,138141.0,5674.409,88.27273,0.0,0.0,0.0
2017-06-01,South Sudan,127,Koch,29.85742,8.633903,2017_06,2017,6,4.0,0.0,0.7017441,116.6503,27.2351,4.219832,22.92954,6.66676,0,0,26.60116,4428.075,10.10188,134058.0,5726.711,82.94444,0.0,0.0,0.0
2017-06-01,South Sudan,143,Rubkona,29.63566,9.268476,2017_06,2017,6,3.0,1.0,0.6996318,122.0631,32.26373,9.689308,22.45665,9.061877,2,2,22.90582,3578.829,21.51323,138141.0,5674.409,88.27273,0.0,0.0,0.0
2017-07-01,South Sudan,127,Koch,29.85742,8.633903,2017_07,2017,7,,,0.7061435,103.4115,37.05511,6.653199,26.40788,1.986935,2,17,28.27451,4428.075,10.10188,134058.0,5726.711,82.94444,0.0,0.0,0.0
2017-07-01,South Sudan,143,Rubkona,29.63566,9.268476,2017_07,2017,7,,,0.7435909,105.077,34.50649,6.975962,28.43726,3.733445,5,0,23.14534,3578.829,21.51323,138141.0,5674.409,88.27273,0.0,0.0,0.0
2017-08-01,South Sudan,127,Koch,29.85742,8.633903,2017_08,2017,8,,,0.702486,100.1102,38.21826,6.288219,29.67102,2.147136,0,0,28.80449,4428.075,10.10188,134058.0,5726.711,82.94444,0.0,0.0,0.0
2017-08-01,South Sudan,143,Rubkona,29.63566,9.268476,2017_08,2017,8,,,0.7437436,102.4444,40.60955,6.379945,29.95136,0.5850733,3,20,23.35247,3578.829,21.51323,138141.0,5674.409,88.27273,0.0,0.0,0.0
2017-09-01,South Sudan,127,Koch,29.85742,8.633903,2017_09,2017,9,,,0.6777811,101.9684,24.10985,-0.2064836,26.67616,3.380886,7,66,27.89819,4428.075,10.10188,134058.0,5726.711,82.94444,0.0,0.0,0.0
2017-09-01,South Sudan,143,Rubkona,29.63566,9.268476,2017_09,2017,9,,,0.7178364,106.5551,26.44669,-0.7084026,28.84977,4.814702,10,130,23.43097,3578.829,21.51323,138141.0,5674.409,88.27273,0.0,0.0,0.0
2017-10-01,South Sudan,127,Koch,29.85742,8.633903,2017_10,2017,10,3.0,0.0,0.6166746,99.19,10.53208,-2.353617,18.27966,2.641736,1,10,28.33731,4428.075,10.10188,134058.0,5726.711,82.94444,0.0,0.0,0.0
2017-10-01,South Sudan,143,Rubkona,29.63566,9.268476,2017_10,2017,10,3.0,1.0,0.6212538,107.5015,10.79211,-3.889619,14.16956,1.518322,3,0,24.59334,3578.829,21.51323,138141.0,5674.409,88.27273,0.0,0.0,0.0
2017-11-01,South Sudan,127,Koch,29.85742,8.633903,2017_11,2017,11,,,0.5941641,107.9059,2.079922,0.8464258,12.76541,7.954348,0,0,28.95922,4428.075,10.10188,134058.0,5726.711,82.94444,0.0,0.0,0.0
2017-11-01,South Sudan,143,Rubkona,29.63566,9.268476,2017_11,2017,11,,,0.5394617,111.7128,1.36091,0.6122348,5.837967,3.796224,4,20,25.12928,3578.829,21.51323,138141.0,5674.409,88.27273,0.0,0.0,0.0
2017-12-01,South Sudan,127,Koch,29.85742,8.633903,2017_12,2017,12,,,0.4892313,109.8105,0.06767252,0.003196124,1.020246,0.4380477,3,22,28.07071,4428.075,10.10188,134058.0,5726.711,82.94444,0.0,0.0,0.0
2017-12-01,South Sudan,143,Rubkona,29.63566,9.268476,2017_12,2017,12,,,0.3807265,102.615,0.036844,0.000538013,0.1645813,-0.1593831,5,3,24.19155,3578.829,21.51323,138141.0,5674.409,88.27273,0.0,0.0,0.0
2018-01-01,South Sudan,127,Koch,29.85742,8.633903,2018_01,2018,1,,,0.3828144,102.9897,0.06965845,-0.003621455,0.5786776,0.02020351,4,0,28.41536,4428.075,10.10188,148502.0,5726.711,82.94444,0.0,0.0,0.0
2018-01-01,South Sudan,143,Rubkona,29.63566,9.268476,2018_01,2018,1,,,0.3135406,99.28886,0.02380405,-0.000799568,0.3340564,-0.1525301,3,11,23.44299,3578.829,21.51323,137223.0,5674.409,88.27273,0.0,0.0,0.0
2018-02-01,South Sudan,127,Koch,29.85742,8.633903,2018_02,2018,2,4.0,0.0,0.3285329,103.6869,0.1097482,0.05164581,0.1222729,0.04084487,8,16,29.1065,4428.075,10.10188,148502.0,5726.711,82.94444,0.0,0.0,0.0
2018-02-01,South Sudan,143,Rubkona,29.63566,9.268476,2018_02,2018,2,3.0,1.0,0.2902326,105.0912,0.06380248,0.01577564,0.0346566,-0.01069311,3,0,24.73034,3578.829,21.51323,137223.0,5674.409,88.27273,0.0,0.0,0.0
2018-03-01,South Sudan,127,Koch,29.85742,8.633903,2018_03,2018,3,,,0.3592884,117.3675,1.222001,0.2277667,1.653687,1.241622,1,2,33.30311,4428.075,10.10188,148502.0,5726.711,82.94444,0.0,0.0,0.0
2018-03-01,South Sudan,143,Rubkona,29.63566,9.268476,2018_03,2018,3,,,0.2962867,112.399,0.9809322,0.2220718,0.8580715,0.6587856,0,0,27.15446,3578.829,21.51323,137223.0,5674.409,88.27273,0.0,0.0,0.0
2018-04-01,South Sudan,127,Koch,29.85742,8.633903,2018_04,2018,4,,,0.3966794,116.9672,6.222204,0.8173214,3.175622,1.095404,3,15,35.69922,4428.075,10.10188,148502.0,5726.711,82.94444,0.0,0.0,0.0
2018-04-01,South Sudan,143,Rubkona,29.63566,9.268476,2018_04,2018,4,,,0.3058597,105.8975,3.098628,-0.4586067,0.9296036,-0.2059176,12,12,28.11818,3578.829,21.51323,137223.0,5674.409,88.27273,0.0,0.0,0.0
2018-05-01,South Sudan,127,Koch,29.85742,8.633903,2018_05,2018,5,,,0.4768492,105.4005,16.76767,2.821745,7.955406,0.8206789,0,0,37.46042,4428.075,10.10188,148502.0,5726.711,82.94444,0.0,0.0,0.0
2018-05-01,South Sudan,143,Rubkona,29.63566,9.268476,2018_05,2018,5,,,0.3507291,90.29463,15.23515,1.640598,4.967935,0.1104151,1,0,30.62278,3578.829,21.51323,137223.0,5674.409,88.27273,0.0,0.0,0.0
2018-06-01,South Sudan,127,Koch,29.85742,8.633903,2018_06,2018,6,4.0,0.0,0.6188932,102.8781,24.38689,1.371627,20.19716,3.934388,8,4,40.09264,4428.075,10.10188,148502.0,5726.711,82.94444,0.0,0.0,0.0
2018-06-01,South Sudan,143,Rubkona,29.63566,9.268476,2018_06,2018,6,3.0,1.0,0.5589846,97.52468,20.662,-1.912428,12.34969,-1.045083,1,0,32.09746,3578.829,21.51323,137223.0,5674.409,88.27273,0.0,0.0,0.0
2018-07-01,South Sudan,127,Koch,29.85742,8.633903,2018_07,2018,7,,,0.7248175,106.1462,30.82716,0.4252461,25.88847,1.467528,1,3,43.5489,4428.075,10.10188,148502.0,5726.711,82.94444,0.0,0.0,0.0
2018-07-01,South Sudan,143,Rubkona,29.63566,9.268476,2018_07,2018,7,,,0.7505328,106.058,25.24797,-2.28256,26.61304,1.909224,3,4,34.17942,3578.829,21.51323,137223.0,5674.409,88.27273,0.0,0.0,0.0
2018-08-01,South Sudan,127,Koch,29.85742,8.633903,2018_08,2018,8,,,0.7244273,103.237,33.39366,1.46361,28.79731,1.27342,0,0,45.27474,4428.075,10.10188,148502.0,5726.711,82.94444,0.0,0.0,0.0
2018-08-01,South Sudan,143,Rubkona,29.63566,9.268476,2018_08,2018,8,,,0.7729887,106.4727,39.93565,5.706044,34.15165,4.78536,1,3,36.10807,3578.829,21.51323,137223.0,5674.409,88.27273,0.0,0.0,0.0
2018-09-01,South Sudan,127,Koch,29.85742,8.633903,2018_09,2018,9,,,0.6847169,103.0119,33.3581,9.041764,22.48571,-0.8095614,3,0,47.07423,4428.075,10.10188,148502.0,5726.711,82.94444,0.0,0.0,0.0
2018-09-01,South Sudan,143,Rubkona,29.63566,9.268476,2018_09,2018,9,,,0.7261919,107.7954,31.85332,4.698221,25.16305,1.127984,1,0,38.71903,3578.829,21.51323,137223.0,5674.409,88.27273,0.0,0.0,0.0
2018-10-01,South Sudan,127,Koch,29.85742,8.633903,2018_10,2018,10,3.0,1.0,0.6496144,104.4883,12.48315,-0.4025551,16.18229,0.5443582,2,3,48.13194,4428.075,10.10188,148502.0,5726.711,82.94444,0.0,0.0,0.0
2018-10-01,South Sudan,143,Rubkona,29.63566,9.268476,2018_10,2018,10,3.0,1.0,0.6327438,109.4897,12.84718,-1.834545,12.52723,-0.1240019,3,0,41.72617,3578.829,21.51323,137223.0,5674.409,88.27273,0.0,0.0,0.0
2018-11-01,South Sudan,127,Koch,29.85742,8.633903,2018_11,2018,11,,,0.537618,97.63657,0.9362968,-0.2971994,2.149131,-2.661932,0,0,49.15115,4428.075,10.10188,148502.0,5726.711,82.94444,0.0,0.0,0.0
2018-11-01,South Sudan,143,Rubkona,29.63566,9.268476,2018_11,2018,11,,,0.5023528,104.0282,0.4552056,-0.29347,0.596288,-1.445455,11,0,44.28588,3578.829,21.51323,137223.0,5674.409,88.27273,0.0,0.0,0.0
2018-12-01,South Sudan,127,Koch,29.85742,8.633903,2018_12,2018,12,,,0.3664817,82.25874,0.06767252,0.003196124,0.3490984,-0.2330999,0,0,51.22705,4428.075,10.10188,148502.0,5726.711,82.94444,0.0,0.0,0.0
2018-12-01,South Sudan,143,Rubkona,29.63566,9.268476,2018_12,2018,12,,,0.3668248,98.86812,0.036844,0.000538013,0.411952,0.08798768,3,0,45.95143,3578.829,21.51323,137223.0,5674.409,88.27273,0.0,0.0,0.0
2019-01-01,South Sudan,127,Koch,29.85742,8.633903,2019_01,2019,1,,,0.3138399,84.43324,0.06965845,-0.003621455,0.05322412,-0.50525,0,0,51.6207,4428.075,10.10188,162946.0,5726.711,82.94444,0.0,0.0,0.0
2019-01-01,South Sudan,143,Rubkona,29.63566,9.268476,2019_01,2019,1,,,0.3173668,100.5005,0.02380428,-0.000799336,0.07325613,-0.4133304,0,0,47.74266,3578.829,21.51323,136305.0,5674.409,88.27273,0.0,0.0,0.0
2019-02-01,South Sudan,127,Koch,29.85742,8.633903,2019_02,2019,2,4.0,0.0,0.2923796,92.27671,0.05258788,-0.005514537,0.1153234,0.03389538,0,0,53.18938,4428.075,10.10188,162946.0,5726.711,82.94444,0.0,0.0,0.0
2019-02-01,South Sudan,143,Rubkona,29.63566,9.268476,2019_02,2019,2,3.0,1.0,0.2762059,100.0122,0.04834363,0.000316799,0.1686629,0.1233132,0,0,50.29222,3578.829,21.51323,136305.0,5674.409,88.27273,0.0,0.0,0.0
2019-03-01,South Sudan,127,Koch,29.85742,8.633903,2019_03,2019,3,,,0.2946355,96.40689,0.89971,-0.09210058,0.01385117,-0.3872028,0,0,57.27997,4428.075,10.10188,162946.0,5726.711,82.94444,0.0,0.0,0.0
2019-03-01,South Sudan,143,Rubkona,29.63566,9.268476,2019_03,2019,3,,,0.2809649,106.474,0.6269343,-0.1285433,0.006068627,-0.1880071,0,0,55.08644,3578.829,21.51323,136305.0,5674.409,88.27273,0.0,1.0,1.0
2019-04-01,South Sudan,127,Koch,29.85742,8.633903,2019_04,2019,4,,,0.2964641,87.76338,5.119662,-0.2852201,1.034728,-1.00368,0,0,60.15802,4428.075,10.10188,162946.0,5726.711,82.94444,0.0,0.0,0.0
2019-04-01,South Sudan,143,Rubkona,29.63566,9.268476,2019_04,2019,4,,,0.2964211,102.6384,3.734034,0.1767988,0.3066667,-0.7967971,1,0,57.57355,3578.829,21.51323,136305.0,5674.409,88.27273,0.0,0.0,0.0
2019-05-01,South Sudan,127,Koch,29.85742,8.633903,2019_05,2019,5,,,0.3831673,84.69352,18.57189,4.625965,5.063203,-2.071524,0,0,63.91064,4428.075,10.10188,162946.0,5726.711,82.94444,0.0,0.0,0.0
2019-05-01,South Sudan,143,Rubkona,29.63566,9.268476,2019_05,2019,5,,,0.3411148,87.81945,17.37052,3.775968,2.935709,-1.921811,0,0,61.80294,3578.829,21.51323,136305.0,5674.409,88.27273,0.0,0.0,0.0
2019-06-01,South Sudan,127,Koch,29.85742,8.633903,2019_06,2019,6,4.0,0.0,0.7026354,116.7985,35.04548,12.03022,26.11454,9.851768,0,0,67.89367,4428.075,10.10188,162946.0,5726.711,82.94444,0.0,0.0,0.0
2019-06-01,South Sudan,143,Rubkona,29.63566,9.268476,2019_06,2019,6,3.0,1.0,0.6459235,112.6927,28.30441,5.729979,20.58549,7.190713,1,0,65.42305,3578.829,21.51323,136305.0,5674.409,88.27273,0.0,0.0,0.0
2019-07-01,South Sudan,127,Koch,29.85742,8.633903,2019_07,2019,7,,,0.7348174,107.6106,29.29078,-1.111135,33.22865,8.807704,0,0,69.58488,4428.075,10.10188,162946.0,5726.711,82.94444,0.0,0.0,0.0
2019-07-01,South Sudan,143,Rubkona,29.63566,9.268476,2019_07,2019,7,,,0.7524649,106.331,24.33217,-3.198357,38.20407,13.50025,1,4,66.32935,3578.829,21.51323,136305.0,5674.409,88.27273,0.0,0.0,0.0
2019-08-01,South Sudan,127,Koch,29.85742,8.633903,2019_08,2019,8,,,0.7344478,104.665,32.60678,0.6767308,32.13649,4.612598,1,1,70.15751,4428.075,10.10188,162946.0,5726.711,82.94444,0.0,0.0,0.0
2019-08-01,South Sudan,143,Rubkona,29.63566,9.268476,2019_08,2019,8,,,0.7383234,101.6979,40.04298,5.813375,31.80562,2.439328,0,0,66.27453,3578.829,21.51323,136305.0,5674.409,88.27273,0.0,0.0,0.0
2019-09-01,South Sudan,127,Koch,29.85742,8.633903,2019_09,2019,9,,,0.7189224,108.1579,26.63758,2.321249,28.64731,5.352035,0,0,72.10219,4428.075,10.10188,162946.0,5726.711,82.94444,0.0,0.0,0.0
2019-09-01,South Sudan,143,Rubkona,29.63566,9.268476,2019_09,2019,9,,,0.6985097,103.6863,28.53688,1.381785,28.76097,4.725908,0,0,70.20888,3578.829,21.51323,136305.0,5674.409,88.27273,0.0,0.0,0.0
2019-10-01,South Sudan,127,Koch,29.85742,8.633903,2019_10,2019,10,3.0,0.0,0.6954993,111.8687,13.31986,0.4341564,26.30554,10.66761,0,0,73.95822,4428.075,10.10188,162946.0,5726.711,82.94444,0.0,0.0,0.0
2019-10-01,South Sudan,143,Rubkona,29.63566,9.268476,2019_10,2019,10,3.0,1.0,0.6640997,114.9155,14.66084,-0.02088646,22.77818,10.12694,1,0,73.3115,3578.829,21.51323,136305.0,5674.409,88.27273,0.0,0.0,0.0
2019-11-01,South Sudan,127,Koch,29.85742,8.633903,2019_11,2019,11,,,0.6534182,118.667,0.7741719,-0.4593243,19.24852,14.43745,0,0,77.31668,4428.075,10.10188,162946.0,5726.711,82.94444,0.0,0.0,0.0
2019-11-01,South Sudan,143,Rubkona,29.63566,9.268476,2019_11,2019,11,,,0.588079,121.7806,0.6566904,-0.09198519,12.15478,10.11303,2,2,77.42786,3578.829,21.51323,136305.0,5674.409,88.27273,0.0,0.0,0.0
2019-12-01,South Sudan,127,Koch,29.85742,8.633903,2019_12,2019,12,,,0.5540902,124.3684,0.06767224,0.003195852,1.347868,0.7656694,0,0,82.66091,4428.075,10.10188,162946.0,5726.711,82.94444,0.0,0.0,0.0
2019-12-01,South Sudan,143,Rubkona,29.63566,9.268476,2019_12,2019,12,,,0.4590839,123.7341,0.036844,0.000538018,0.5153111,0.1913468,0,0,81.2312,3578.829,21.51323,136305.0,5674.409,88.27273,0.0,0.0,0.0
2020-01-01,South Sudan,127,Koch,29.85742,8.633903,2020_01,2020,1,,,0.4273204,114.9632,0.06965771,-0.003529332,1.279871,0.7213971,0,0,79.64887,4428.075,10.10188,104519.5,5726.711,82.94444,0.0,0.0,0.0
2020-01-01,South Sudan,143,Rubkona,29.63566,9.268476,2020_01,2020,1,,,0.3575622,113.2292,0.02380181,-0.0007813092,0.8337034,0.3471168,0,0,76.24871,3578.829,21.51323,139635.7,5674.409,88.27273,0.0,0.0,0.0
2020-02-01,South Sudan,127,Koch,29.85742,8.633903,2020_02,2020,2,3.0,0.0,0.3572074,112.7367,0.0520011,-0.005959919,0.1002739,0.01884595,0,0,81.291,4428.075,10.10188,104519.5,5726.711,82.94444,0.0,0.0,0.0
2020-02-01,South Sudan,143,Rubkona,29.63566,9.268476,2020_02,2020,2,3.0,1.0,0.3155894,114.2727,0.04834339,0.0003084315,0.09990005,0.05455033,1,0,78.37866,3578.829,21.51323,139635.7,5674.409,88.27273,0.0,0.0,0.0
